frame.number,frame.time_relative,eth.src,eth.dst,eth.type,ip.src,ip.dst,arp.src.hw_mac,arp.dst.hw_mac,tcp.srcport,tcp.dstport,udp.srcport,udp.dstport,frame.len,icmp.type,icmp.code,data,Label
"1","0.000000000",,,,,,"08:00:27:c5:8a:4d","ff:ff:ff:ff:ff:ff",,,,,"44",,,
"2","0.002198658",,,,,,"08:00:27:7a:78:e3","00:00:00:00:00:00",,,,,"62",,,
"3","2.095687380",,,,,,"08:00:27:c5:8a:4d","ff:ff:ff:ff:ff:ff",,,,,"44",,,
"4","4.301382726",,,,,,"08:00:27:c5:8a:4d","ff:ff:ff:ff:ff:ff",,,,,"44",,,
"5","6.302166021",,,,,,"08:00:27:c5:8a:4d","ff:ff:ff:ff:ff:ff",,,,,"44",,,
"6","6.440459792",,,,,,,,,,,,"64",,,
"7","8.311239354",,,,,,"08:00:27:c5:8a:4d","ff:ff:ff:ff:ff:ff",,,,,"44",,,
"8","10.321035590",,,,,,"08:00:27:c5:8a:4d","ff:ff:ff:ff:ff:ff",,,,,"44",,,
"9","10.323200127",,,,,,"08:00:27:7a:78:e3","00:00:00:00:00:00",,,,,"62",,,
"10","12.327234034",,,,,,"08:00:27:c5:8a:4d","ff:ff:ff:ff:ff:ff",,,,,"44",,,
"11","14.332952817",,,,,,"08:00:27:c5:8a:4d","ff:ff:ff:ff:ff:ff",,,,,"44",,,
"12","16.351603219",,,,,,"08:00:27:c5:8a:4d","ff:ff:ff:ff:ff:ff",,,,,"44",,,
"13","18.385407898",,,,,,"08:00:27:c5:8a:4d","ff:ff:ff:ff:ff:ff",,,,,"44",,,
"14","20.398335348",,,,,,"08:00:27:c5:8a:4d","ff:ff:ff:ff:ff:ff",,,,,"44",,,
"15","20.399938312",,,,,,"08:00:27:7a:78:e3","00:00:00:00:00:00",,,,,"62",,,
"16","22.412480017",,,,,,"08:00:27:c5:8a:4d","ff:ff:ff:ff:ff:ff",,,,,"44",,,
"17","24.416595280",,,,,,"08:00:27:c5:8a:4d","ff:ff:ff:ff:ff:ff",,,,,"44",,,
"18","25.035968960",,,,,,,,,,,,"64",,,
"19","26.418029502",,,,,,"08:00:27:c5:8a:4d","ff:ff:ff:ff:ff:ff",,,,,"44",,,
"20","28.434605421",,,,,,"08:00:27:c5:8a:4d","ff:ff:ff:ff:ff:ff",,,,,"44",,,
"21","30.434782337",,,,,,"08:00:27:c5:8a:4d","ff:ff:ff:ff:ff:ff",,,,,"44",,,
"22","30.436634372",,,,,,"08:00:27:7a:78:e3","00:00:00:00:00:00",,,,,"62",,,
"23","32.448328496",,,,,,"08:00:27:c5:8a:4d","ff:ff:ff:ff:ff:ff",,,,,"44",,,
"24","34.450660048",,,,,,"08:00:27:c5:8a:4d","ff:ff:ff:ff:ff:ff",,,,,"44",,,
"25","36.477068299",,,,,,"08:00:27:c5:8a:4d","ff:ff:ff:ff:ff:ff",,,,,"44",,,
"26","38.493805157",,,,,,"08:00:27:c5:8a:4d","ff:ff:ff:ff:ff:ff",,,,,"44",,,
"27","40.539375670",,,,,,"08:00:27:c5:8a:4d","ff:ff:ff:ff:ff:ff",,,,,"44",,,
"28","40.540698409",,,,,,"08:00:27:7a:78:e3","00:00:00:00:00:00",,,,,"62",,,
"29","42.544570557",,,,,,"08:00:27:c5:8a:4d","ff:ff:ff:ff:ff:ff",,,,,"44",,,
"30","44.571705683",,,,,,"08:00:27:c5:8a:4d","ff:ff:ff:ff:ff:ff",,,,,"44",,,
"31","46.590015417",,,,,,"08:00:27:c5:8a:4d","ff:ff:ff:ff:ff:ff",,,,,"44",,,
"32","48.596615941",,,,,,"08:00:27:c5:8a:4d","ff:ff:ff:ff:ff:ff",,,,,"44",,,
"33","50.607898146",,,,,,"08:00:27:c5:8a:4d","ff:ff:ff:ff:ff:ff",,,,,"44",,,
"34","50.609067461",,,,,,"08:00:27:7a:78:e3","00:00:00:00:00:00",,,,,"62",,,
"35","52.609622317",,,,,,"08:00:27:c5:8a:4d","ff:ff:ff:ff:ff:ff",,,,,"44",,,
"36","54.609784033",,,,,,"08:00:27:c5:8a:4d","ff:ff:ff:ff:ff:ff",,,,,"44",,,
"37","56.612945995",,,,,,"08:00:27:c5:8a:4d","ff:ff:ff:ff:ff:ff",,,,,"44",,,
"38","58.625232735",,,,,,"08:00:27:c5:8a:4d","ff:ff:ff:ff:ff:ff",,,,,"44",,,
"39","60.632907796",,,,,,"08:00:27:c5:8a:4d","ff:ff:ff:ff:ff:ff",,,,,"44",,,
"40","60.634349387",,,,,,"08:00:27:7a:78:e3","00:00:00:00:00:00",,,,,"62",,,
"41","62.659165727",,,,,,"08:00:27:c5:8a:4d","ff:ff:ff:ff:ff:ff",,,,,"44",,,
"42","64.674140330",,,,,,"08:00:27:c5:8a:4d","ff:ff:ff:ff:ff:ff",,,,,"44",,,
"43","66.729065597",,,,,,"08:00:27:c5:8a:4d","ff:ff:ff:ff:ff:ff",,,,,"44",,,
"44","68.730194222",,,,,,"08:00:27:c5:8a:4d","ff:ff:ff:ff:ff:ff",,,,,"44",,,
"45","70.730851955",,,,,,"08:00:27:c5:8a:4d","ff:ff:ff:ff:ff:ff",,,,,"44",,,
"46","70.732161583",,,,,,"08:00:27:7a:78:e3","00:00:00:00:00:00",,,,,"62",,,
"47","72.742496157",,,,,,"08:00:27:c5:8a:4d","ff:ff:ff:ff:ff:ff",,,,,"44",,,
"48","74.744681400",,,,,,"08:00:27:c5:8a:4d","ff:ff:ff:ff:ff:ff",,,,,"44",,,
"49","76.745086577",,,,,,"08:00:27:c5:8a:4d","ff:ff:ff:ff:ff:ff",,,,,"44",,,
"50","78.754216695",,,,,,"08:00:27:c5:8a:4d","ff:ff:ff:ff:ff:ff",,,,,"44",,,
"51","80.761738219",,,,,,"08:00:27:c5:8a:4d","ff:ff:ff:ff:ff:ff",,,,,"44",,,
"52","80.763031007",,,,,,"08:00:27:7a:78:e3","00:00:00:00:00:00",,,,,"62",,,
"53","82.762127311",,,,,,"08:00:27:c5:8a:4d","ff:ff:ff:ff:ff:ff",,,,,"44",,,
"54","84.766058091",,,,,,"08:00:27:c5:8a:4d","ff:ff:ff:ff:ff:ff",,,,,"44",,,
"55","86.766373763",,,,,,"08:00:27:c5:8a:4d","ff:ff:ff:ff:ff:ff",,,,,"44",,,
"56","88.784781177",,,,,,"08:00:27:c5:8a:4d","ff:ff:ff:ff:ff:ff",,,,,"44",,,
"57","90.785944798",,,,,,"08:00:27:c5:8a:4d","ff:ff:ff:ff:ff:ff",,,,,"44",,,
"58","90.787715249",,,,,,"08:00:27:7a:78:e3","00:00:00:00:00:00",,,,,"62",,,
"59","92.789419539",,,,,,"08:00:27:c5:8a:4d","ff:ff:ff:ff:ff:ff",,,,,"44",,,
"60","93.673149231",,,,,,,,,,,,"64",,,
"61","94.830885192",,,,,,"08:00:27:c5:8a:4d","ff:ff:ff:ff:ff:ff",,,,,"44",,,
"62","96.833496595",,,,,,"08:00:27:c5:8a:4d","ff:ff:ff:ff:ff:ff",,,,,"44",,,
"63","98.848993554",,,,,,"08:00:27:c5:8a:4d","ff:ff:ff:ff:ff:ff",,,,,"44",,,
"64","100.872998711",,,,,,"08:00:27:c5:8a:4d","ff:ff:ff:ff:ff:ff",,,,,"44",,,
"65","100.875011268",,,,,,"08:00:27:7a:78:e3","00:00:00:00:00:00",,,,,"62",,,
"66","102.881191876",,,,,,"08:00:27:c5:8a:4d","ff:ff:ff:ff:ff:ff",,,,,"44",,,
"67","104.891539012",,,,,,"08:00:27:c5:8a:4d","ff:ff:ff:ff:ff:ff",,,,,"44",,,
"68","106.949076594",,,,,,"08:00:27:c5:8a:4d","ff:ff:ff:ff:ff:ff",,,,,"44",,,
"69","108.952173070",,,,,,"08:00:27:c5:8a:4d","ff:ff:ff:ff:ff:ff",,,,,"44",,,
"70","110.987592204",,,,,,"08:00:27:c5:8a:4d","ff:ff:ff:ff:ff:ff",,,,,"44",,,
"71","110.988844746",,,,,,"08:00:27:7a:78:e3","00:00:00:00:00:00",,,,,"62",,,
"72","112.988886391",,,,,,"08:00:27:c5:8a:4d","ff:ff:ff:ff:ff:ff",,,,,"44",,,
"73","115.069109611",,,,,,"08:00:27:c5:8a:4d","ff:ff:ff:ff:ff:ff",,,,,"44",,,
"74","117.073971024",,,,,,"08:00:27:c5:8a:4d","ff:ff:ff:ff:ff:ff",,,,,"44",,,
"75","119.083374440",,,,,,"08:00:27:c5:8a:4d","ff:ff:ff:ff:ff:ff",,,,,"44",,,
"76","121.084226858",,,,,,"08:00:27:c5:8a:4d","ff:ff:ff:ff:ff:ff",,,,,"44",,,
"77","121.085960493",,,,,,"08:00:27:7a:78:e3","00:00:00:00:00:00",,,,,"62",,,
"78","123.097906536",,,,,,"08:00:27:c5:8a:4d","ff:ff:ff:ff:ff:ff",,,,,"44",,,
"79","125.098291732",,,,,,"08:00:27:c5:8a:4d","ff:ff:ff:ff:ff:ff",,,,,"44",,,
"80","127.108187475",,,,,,"08:00:27:c5:8a:4d","ff:ff:ff:ff:ff:ff",,,,,"44",,,
"81","129.133584959",,,,,,"08:00:27:c5:8a:4d","ff:ff:ff:ff:ff:ff",,,,,"44",,,
"82","131.136759871",,,,,,"08:00:27:c5:8a:4d","ff:ff:ff:ff:ff:ff",,,,,"44",,,
"83","131.138115896",,,,,,"08:00:27:7a:78:e3","00:00:00:00:00:00",,,,,"62",,,
"84","133.139166674",,,,,,"08:00:27:c5:8a:4d","ff:ff:ff:ff:ff:ff",,,,,"44",,,
"85","135.142975450",,,,,,"08:00:27:c5:8a:4d","ff:ff:ff:ff:ff:ff",,,,,"44",,,
"86","137.152909919",,,,,,"08:00:27:c5:8a:4d","ff:ff:ff:ff:ff:ff",,,,,"44",,,
"87","139.153490430",,,,,,"08:00:27:c5:8a:4d","ff:ff:ff:ff:ff:ff",,,,,"44",,,
"88","141.153651230",,,,,,"08:00:27:c5:8a:4d","ff:ff:ff:ff:ff:ff",,,,,"44",,,
"89","141.154745836",,,,,,"08:00:27:7a:78:e3","00:00:00:00:00:00",,,,,"62",,,
"90","143.172653269",,,,,,"08:00:27:c5:8a:4d","ff:ff:ff:ff:ff:ff",,,,,"44",,,
"91","145.249327155",,,,,,"08:00:27:c5:8a:4d","ff:ff:ff:ff:ff:ff",,,,,"44",,,
"92","147.264377707",,,,,,"08:00:27:c5:8a:4d","ff:ff:ff:ff:ff:ff",,,,,"44",,,
"93","149.284487857",,,,,,"08:00:27:c5:8a:4d","ff:ff:ff:ff:ff:ff",,,,,"44",,,
"94","151.286877248",,,,,,"08:00:27:c5:8a:4d","ff:ff:ff:ff:ff:ff",,,,,"44",,,
"95","151.288526366",,,,,,"08:00:27:7a:78:e3","00:00:00:00:00:00",,,,,"62",,,
"96","153.287820852",,,,,,"08:00:27:c5:8a:4d","ff:ff:ff:ff:ff:ff",,,,,"44",,,
"97","155.332901160",,,,,,"08:00:27:c5:8a:4d","ff:ff:ff:ff:ff:ff",,,,,"44",,,
"98","157.346802215",,,,,,"08:00:27:c5:8a:4d","ff:ff:ff:ff:ff:ff",,,,,"44",,,
"99","159.353519460",,,,,,"08:00:27:c5:8a:4d","ff:ff:ff:ff:ff:ff",,,,,"44",,,
"100","161.360982499",,,,,,"08:00:27:c5:8a:4d","ff:ff:ff:ff:ff:ff",,,,,"44",,,
"101","161.362435687",,,,,,"08:00:27:7a:78:e3","00:00:00:00:00:00",,,,,"62",,,
"102","163.374230565",,,,,,"08:00:27:c5:8a:4d","ff:ff:ff:ff:ff:ff",,,,,"44",,,
"103","165.463049698",,,,,,"08:00:27:c5:8a:4d","ff:ff:ff:ff:ff:ff",,,,,"44",,,
"104","167.467717783",,,,,,"08:00:27:c5:8a:4d","ff:ff:ff:ff:ff:ff",,,,,"44",,,
"105","169.471427731",,,,,,"08:00:27:c5:8a:4d","ff:ff:ff:ff:ff:ff",,,,,"44",,,
"106","171.480454911",,,,,,"08:00:27:c5:8a:4d","ff:ff:ff:ff:ff:ff",,,,,"44",,,
"107","171.481791990",,,,,,"08:00:27:7a:78:e3","00:00:00:00:00:00",,,,,"62",,,
"108","173.486063988",,,,,,"08:00:27:c5:8a:4d","ff:ff:ff:ff:ff:ff",,,,,"44",,,
"109","175.487425375",,,,,,"08:00:27:c5:8a:4d","ff:ff:ff:ff:ff:ff",,,,,"44",,,
"110","177.499583250",,,,,,"08:00:27:c5:8a:4d","ff:ff:ff:ff:ff:ff",,,,,"44",,,
"111","179.504584948",,,,,,"08:00:27:c5:8a:4d","ff:ff:ff:ff:ff:ff",,,,,"44",,,
"112","181.513778948",,,,,,"08:00:27:c5:8a:4d","ff:ff:ff:ff:ff:ff",,,,,"44",,,
"113","181.515328419",,,,,,"08:00:27:7a:78:e3","00:00:00:00:00:00",,,,,"62",,,
"114","183.674845708",,,,,,"08:00:27:c5:8a:4d","ff:ff:ff:ff:ff:ff",,,,,"44",,,
"115","185.682739808",,,,,,"08:00:27:c5:8a:4d","ff:ff:ff:ff:ff:ff",,,,,"44",,,
"116","187.721194593",,,,,,"08:00:27:c5:8a:4d","ff:ff:ff:ff:ff:ff",,,,,"44",,,
"117","189.721951126",,,,,,"08:00:27:c5:8a:4d","ff:ff:ff:ff:ff:ff",,,,,"44",,,
"118","191.732347619",,,,,,"08:00:27:c5:8a:4d","ff:ff:ff:ff:ff:ff",,,,,"44",,,
"119","191.733808017",,,,,,"08:00:27:7a:78:e3","00:00:00:00:00:00",,,,,"62",,,
"120","193.733701272",,,,,,"08:00:27:c5:8a:4d","ff:ff:ff:ff:ff:ff",,,,,"44",,,
"121","195.851817330",,,,,,"08:00:27:c5:8a:4d","ff:ff:ff:ff:ff:ff",,,,,"44",,,
"122","197.869656280",,,,,,"08:00:27:c5:8a:4d","ff:ff:ff:ff:ff:ff",,,,,"44",,,
"123","200.012771262",,,,,,"08:00:27:c5:8a:4d","ff:ff:ff:ff:ff:ff",,,,,"44",,,
"124","202.014244835",,,,,,"08:00:27:c5:8a:4d","ff:ff:ff:ff:ff:ff",,,,,"44",,,
"125","202.015742595",,,,,,"08:00:27:7a:78:e3","00:00:00:00:00:00",,,,,"62",,,
"126","205.584428297",,,,,,"08:00:27:c5:8a:4d","ff:ff:ff:ff:ff:ff",,,,,"44",,,
"127","205.585728655",,,,,,"08:00:27:e3:b4:61","00:00:00:00:00:00",,,,,"62",,,
"128","207.585953150",,,,,,"08:00:27:c5:8a:4d","ff:ff:ff:ff:ff:ff",,,,,"44",,,
"129","209.614039190",,,,,,"08:00:27:c5:8a:4d","ff:ff:ff:ff:ff:ff",,,,,"44",,,
"130","211.690196008",,,,,,"08:00:27:c5:8a:4d","ff:ff:ff:ff:ff:ff",,,,,"44",,,
"131","213.698291895",,,,,,"08:00:27:c5:8a:4d","ff:ff:ff:ff:ff:ff",,,,,"44",,,
"132","215.716980002",,,,,,"08:00:27:c5:8a:4d","ff:ff:ff:ff:ff:ff",,,,,"44",,,
"133","215.718620178",,,,,,"08:00:27:e3:b4:61","00:00:00:00:00:00",,,,,"62",,,
"134","217.723401142",,,,,,"08:00:27:c5:8a:4d","ff:ff:ff:ff:ff:ff",,,,,"44",,,
"135","219.727086724",,,,,,"08:00:27:c5:8a:4d","ff:ff:ff:ff:ff:ff",,,,,"44",,,
"136","221.732160629",,,,,,"08:00:27:c5:8a:4d","ff:ff:ff:ff:ff:ff",,,,,"44",,,
"137","223.734006923",,,,,,"08:00:27:c5:8a:4d","ff:ff:ff:ff:ff:ff",,,,,"44",,,
"138","225.734553760",,,,,,"08:00:27:c5:8a:4d","ff:ff:ff:ff:ff:ff",,,,,"44",,,
"139","225.735887444",,,,,,"08:00:27:e3:b4:61","00:00:00:00:00:00",,,,,"62",,,
"140","227.764754480",,,,,,"08:00:27:c5:8a:4d","ff:ff:ff:ff:ff:ff",,,,,"44",,,
"141","229.805675894",,,,,,"08:00:27:c5:8a:4d","ff:ff:ff:ff:ff:ff",,,,,"44",,,
"142","231.814304310",,,,,,"08:00:27:c5:8a:4d","ff:ff:ff:ff:ff:ff",,,,,"44",,,
"143","233.814620899",,,,,,"08:00:27:c5:8a:4d","ff:ff:ff:ff:ff:ff",,,,,"44",,,
"144","235.831557888",,,,,,"08:00:27:c5:8a:4d","ff:ff:ff:ff:ff:ff",,,,,"44",,,
"145","235.832814747",,,,,,"08:00:27:e3:b4:61","00:00:00:00:00:00",,,,,"62",,,
"146","237.836863890",,,,,,"08:00:27:c5:8a:4d","ff:ff:ff:ff:ff:ff",,,,,"44",,,
"147","239.839586387",,,,,,"08:00:27:c5:8a:4d","ff:ff:ff:ff:ff:ff",,,,,"44",,,
"148","241.847431651",,,,,,"08:00:27:c5:8a:4d","ff:ff:ff:ff:ff:ff",,,,,"44",,,
"149","243.847637074",,,,,,"08:00:27:c5:8a:4d","ff:ff:ff:ff:ff:ff",,,,,"44",,,
"150","245.848088941",,,,,,"08:00:27:c5:8a:4d","ff:ff:ff:ff:ff:ff",,,,,"44",,,
"151","245.849059245",,,,,,"08:00:27:e3:b4:61","00:00:00:00:00:00",,,,,"62",,,
"152","247.851861494",,,,,,"08:00:27:c5:8a:4d","ff:ff:ff:ff:ff:ff",,,,,"44",,,
"153","249.852114091",,,,,,"08:00:27:c5:8a:4d","ff:ff:ff:ff:ff:ff",,,,,"44",,,
"154","251.854837837",,,,,,"08:00:27:c5:8a:4d","ff:ff:ff:ff:ff:ff",,,,,"44",,,
"155","253.855418962",,,,,,"08:00:27:c5:8a:4d","ff:ff:ff:ff:ff:ff",,,,,"44",,,
"156","255.866650811",,,,,,"08:00:27:c5:8a:4d","ff:ff:ff:ff:ff:ff",,,,,"44",,,
"157","255.868203687",,,,,,"08:00:27:e3:b4:61","00:00:00:00:00:00",,,,,"62",,,
"158","257.893528362",,,,,,"08:00:27:c5:8a:4d","ff:ff:ff:ff:ff:ff",,,,,"44",,,
"159","259.897788966",,,,,,"08:00:27:c5:8a:4d","ff:ff:ff:ff:ff:ff",,,,,"44",,,
"160","261.905762355",,,,,,"08:00:27:c5:8a:4d","ff:ff:ff:ff:ff:ff",,,,,"44",,,
"161","263.999249660",,,,,,"08:00:27:c5:8a:4d","ff:ff:ff:ff:ff:ff",,,,,"44",,,
"162","266.005968704",,,,,,"08:00:27:c5:8a:4d","ff:ff:ff:ff:ff:ff",,,,,"44",,,
"163","266.007147121",,,,,,"08:00:27:e3:b4:61","00:00:00:00:00:00",,,,,"62",,,
"164","268.006134962",,,,,,"08:00:27:c5:8a:4d","ff:ff:ff:ff:ff:ff",,,,,"44",,,
"165","270.029019156",,,,,,"08:00:27:c5:8a:4d","ff:ff:ff:ff:ff:ff",,,,,"44",,,
"166","272.029253001",,,,,,"08:00:27:c5:8a:4d","ff:ff:ff:ff:ff:ff",,,,,"44",,,
"167","274.044997654",,,,,,"08:00:27:c5:8a:4d","ff:ff:ff:ff:ff:ff",,,,,"44",,,
"168","276.061334734",,,,,,"08:00:27:c5:8a:4d","ff:ff:ff:ff:ff:ff",,,,,"44",,,
"169","276.062722789",,,,,,"08:00:27:e3:b4:61","00:00:00:00:00:00",,,,,"62",,,
"170","278.070705712",,,,,,"08:00:27:c5:8a:4d","ff:ff:ff:ff:ff:ff",,,,,"44",,,
"171","280.701584437",,,,,,"08:00:27:c5:8a:4d","ff:ff:ff:ff:ff:ff",,,,,"44",,,
"172","282.715690023",,,,,,"08:00:27:c5:8a:4d","ff:ff:ff:ff:ff:ff",,,,,"44",,,
"173","284.720064659",,,,,,"08:00:27:c5:8a:4d","ff:ff:ff:ff:ff:ff",,,,,"44",,,
"174","332.040617070",,,,,,"08:00:27:cb:7e:f5","ff:ff:ff:ff:ff:ff",,,,,"62",,,
"175","332.042578164",,,,,,"08:00:27:c5:8a:4d","00:00:00:00:00:00",,,,,"44",,,
"176","334.059412606",,,,,,"08:00:27:cb:7e:f5","ff:ff:ff:ff:ff:ff",,,,,"62",,,
"177","336.088690326",,,,,,"08:00:27:cb:7e:f5","ff:ff:ff:ff:ff:ff",,,,,"62",,,
"178","338.180031638",,,,,,"08:00:27:cb:7e:f5","ff:ff:ff:ff:ff:ff",,,,,"62",,,
"179","340.207052092",,,,,,"08:00:27:cb:7e:f5","ff:ff:ff:ff:ff:ff",,,,,"62",,,
"180","340.671876562",,,,,,,,,,,,"64",,,
"181","342.218528767",,,,,,"08:00:27:cb:7e:f5","ff:ff:ff:ff:ff:ff",,,,,"62",,,
"182","342.218658685",,,,,,"08:00:27:c5:8a:4d","00:00:00:00:00:00",,,,,"44",,,
"183","344.235551875",,,,,,"08:00:27:cb:7e:f5","ff:ff:ff:ff:ff:ff",,,,,"62",,,
"184","346.235909894",,,,,,"08:00:27:cb:7e:f5","ff:ff:ff:ff:ff:ff",,,,,"62",,,
"185","348.239517194",,,,,,"08:00:27:cb:7e:f5","ff:ff:ff:ff:ff:ff",,,,,"62",,,
"186","350.245573493",,,,,,"08:00:27:cb:7e:f5","ff:ff:ff:ff:ff:ff",,,,,"62",,,
"187","352.246040359",,,,,,"08:00:27:cb:7e:f5","ff:ff:ff:ff:ff:ff",,,,,"62",,,
"188","352.246228915",,,,,,"08:00:27:c5:8a:4d","00:00:00:00:00:00",,,,,"44",,,
"189","354.247688816",,,,,,"08:00:27:cb:7e:f5","ff:ff:ff:ff:ff:ff",,,,,"62",,,
"190","356.249901137",,,,,,"08:00:27:cb:7e:f5","ff:ff:ff:ff:ff:ff",,,,,"62",,,
"191","358.254102224",,,,,,"08:00:27:cb:7e:f5","ff:ff:ff:ff:ff:ff",,,,,"62",,,
"192","360.255217219",,,,,,"08:00:27:cb:7e:f5","ff:ff:ff:ff:ff:ff",,,,,"62",,,
"193","362.257094576",,,,,,"08:00:27:cb:7e:f5","ff:ff:ff:ff:ff:ff",,,,,"62",,,
"194","362.257246176",,,,,,"08:00:27:c5:8a:4d","00:00:00:00:00:00",,,,,"44",,,
"195","364.264606633",,,,,,"08:00:27:cb:7e:f5","ff:ff:ff:ff:ff:ff",,,,,"62",,,
"196","366.269201777",,,,,,"08:00:27:cb:7e:f5","ff:ff:ff:ff:ff:ff",,,,,"62",,,
"197","368.270397222",,,,,,"08:00:27:cb:7e:f5","ff:ff:ff:ff:ff:ff",,,,,"62",,,
"198","370.271025682",,,,,,"08:00:27:cb:7e:f5","ff:ff:ff:ff:ff:ff",,,,,"62",,,
"199","372.281014896",,,,,,"08:00:27:cb:7e:f5","ff:ff:ff:ff:ff:ff",,,,,"62",,,
"200","372.281202592",,,,,,"08:00:27:c5:8a:4d","00:00:00:00:00:00",,,,,"44",,,
"201","374.281839171",,,,,,"08:00:27:cb:7e:f5","ff:ff:ff:ff:ff:ff",,,,,"62",,,
"202","376.284422621",,,,,,"08:00:27:cb:7e:f5","ff:ff:ff:ff:ff:ff",,,,,"62",,,
"203","378.285744471",,,,,,"08:00:27:cb:7e:f5","ff:ff:ff:ff:ff:ff",,,,,"62",,,
"204","380.365846465",,,,,,"08:00:27:cb:7e:f5","ff:ff:ff:ff:ff:ff",,,,,"62",,,
"205","382.375882454",,,,,,"08:00:27:cb:7e:f5","ff:ff:ff:ff:ff:ff",,,,,"62",,,
"206","382.376062853",,,,,,"08:00:27:c5:8a:4d","00:00:00:00:00:00",,,,,"44",,,
"207","384.410856255",,,,,,"08:00:27:cb:7e:f5","ff:ff:ff:ff:ff:ff",,,,,"62",,,
"208","386.408837525",,,,,,"08:00:27:cb:7e:f5","ff:ff:ff:ff:ff:ff",,,,,"62",,,
"209","388.442785503",,,,,,"08:00:27:cb:7e:f5","ff:ff:ff:ff:ff:ff",,,,,"62",,,
"210","390.443675027",,,,,,"08:00:27:cb:7e:f5","ff:ff:ff:ff:ff:ff",,,,,"62",,,
"211","392.453243557",,,,,,"08:00:27:cb:7e:f5","ff:ff:ff:ff:ff:ff",,,,,"62",,,
"212","392.453449651",,,,,,"08:00:27:c5:8a:4d","00:00:00:00:00:00",,,,,"44",,,
"213","394.464269910",,,,,,"08:00:27:cb:7e:f5","ff:ff:ff:ff:ff:ff",,,,,"62",,,
"214","422.889440677",,,,,,"08:00:27:e3:b4:61","ff:ff:ff:ff:ff:ff",,,,,"62",,,
"215","422.890287311",,,,,,"08:00:27:7a:78:e3","00:00:00:00:00:00",,,,,"62",,,
"216","424.887674694",,,,,,"08:00:27:e3:b4:61","ff:ff:ff:ff:ff:ff",,,,,"62",,,
"217","426.886116172",,,,,,"08:00:27:e3:b4:61","ff:ff:ff:ff:ff:ff",,,,,"62",,,
"218","428.884650404",,,,,,"08:00:27:e3:b4:61","ff:ff:ff:ff:ff:ff",,,,,"62",,,
"219","430.886098553",,,,,,"08:00:27:e3:b4:61","ff:ff:ff:ff:ff:ff",,,,,"62",,,
"220","432.884675984",,,,,,"08:00:27:e3:b4:61","ff:ff:ff:ff:ff:ff",,,,,"62",,,
"221","432.885380211",,,,,,"08:00:27:7a:78:e3","00:00:00:00:00:00",,,,,"62",,,
"222","434.882799336",,,,,,"08:00:27:e3:b4:61","ff:ff:ff:ff:ff:ff",,,,,"62",,,
"223","436.881567542",,,,,,"08:00:27:e3:b4:61","ff:ff:ff:ff:ff:ff",,,,,"62",,,
"224","438.881533359",,,,,,"08:00:27:e3:b4:61","ff:ff:ff:ff:ff:ff",,,,,"62",,,
"225","440.881659549",,,,,,"08:00:27:e3:b4:61","ff:ff:ff:ff:ff:ff",,,,,"62",,,
"226","442.880984327",,,,,,"08:00:27:e3:b4:61","ff:ff:ff:ff:ff:ff",,,,,"62",,,
"227","442.881773693",,,,,,"08:00:27:7a:78:e3","00:00:00:00:00:00",,,,,"62",,,
"228","444.879268062",,,,,,"08:00:27:e3:b4:61","ff:ff:ff:ff:ff:ff",,,,,"62",,,
"229","446.878348626",,,,,,"08:00:27:e3:b4:61","ff:ff:ff:ff:ff:ff",,,,,"62",,,
"230","448.876608037",,,,,,"08:00:27:e3:b4:61","ff:ff:ff:ff:ff:ff",,,,,"62",,,
"231","450.874527492",,,,,,"08:00:27:e3:b4:61","ff:ff:ff:ff:ff:ff",,,,,"62",,,
"232","452.873002720",,,,,,"08:00:27:e3:b4:61","ff:ff:ff:ff:ff:ff",,,,,"62",,,
"233","452.873892604",,,,,,"08:00:27:7a:78:e3","00:00:00:00:00:00",,,,,"62",,,
"234","454.871251669",,,,,,"08:00:27:e3:b4:61","ff:ff:ff:ff:ff:ff",,,,,"62",,,
"235","456.869560491",,,,,,"08:00:27:e3:b4:61","ff:ff:ff:ff:ff:ff",,,,,"62",,,
"236","458.867971220",,,,,,"08:00:27:e3:b4:61","ff:ff:ff:ff:ff:ff",,,,,"62",,,
"237","460.866708670",,,,,,"08:00:27:e3:b4:61","ff:ff:ff:ff:ff:ff",,,,,"62",,,
"238","462.864798248",,,,,,"08:00:27:e3:b4:61","ff:ff:ff:ff:ff:ff",,,,,"62",,,
"239","464.864256890",,,,,,"08:00:27:e3:b4:61","ff:ff:ff:ff:ff:ff",,,,,"62",,,
"240","464.865178287",,,,,,"08:00:27:7a:78:e3","00:00:00:00:00:00",,,,,"62",,,
"241","466.861398372",,,,,,"08:00:27:e3:b4:61","ff:ff:ff:ff:ff:ff",,,,,"62",,,
"242","468.859743661",,,,,,"08:00:27:e3:b4:61","ff:ff:ff:ff:ff:ff",,,,,"62",,,
"243","470.858172720",,,,,,"08:00:27:e3:b4:61","ff:ff:ff:ff:ff:ff",,,,,"62",,,
"244","484.147644851",,,,,,"08:00:27:c5:8a:4d","ff:ff:ff:ff:ff:ff",,,,,"44",,,
"245","484.149803001",,,,,,"08:00:27:e2:f2:de","00:00:00:00:00:00",,,,,"62",,,
"246","486.170711249",,,,,,"08:00:27:c5:8a:4d","ff:ff:ff:ff:ff:ff",,,,,"44",,,
"247","488.171692193",,,,,,"08:00:27:c5:8a:4d","ff:ff:ff:ff:ff:ff",,,,,"44",,,
"248","490.188495517",,,,,,"08:00:27:c5:8a:4d","ff:ff:ff:ff:ff:ff",,,,,"44",,,
"249","492.190197902",,,,,,"08:00:27:c5:8a:4d","ff:ff:ff:ff:ff:ff",,,,,"44",,,
"250","494.195440078",,,,,,"08:00:27:c5:8a:4d","ff:ff:ff:ff:ff:ff",,,,,"44",,,
"251","494.196946981",,,,,,"08:00:27:e2:f2:de","00:00:00:00:00:00",,,,,"62",,,
"252","496.197975224",,,,,,"08:00:27:c5:8a:4d","ff:ff:ff:ff:ff:ff",,,,,"44",,,
"253","498.204063885",,,,,,"08:00:27:c5:8a:4d","ff:ff:ff:ff:ff:ff",,,,,"44",,,
"254","500.207456928",,,,,,"08:00:27:c5:8a:4d","ff:ff:ff:ff:ff:ff",,,,,"44",,,
"255","502.214465498",,,,,,"08:00:27:c5:8a:4d","ff:ff:ff:ff:ff:ff",,,,,"44",,,
"256","504.226027547",,,,,,"08:00:27:c5:8a:4d","ff:ff:ff:ff:ff:ff",,,,,"44",,,
"257","504.227530793",,,,,,"08:00:27:e2:f2:de","00:00:00:00:00:00",,,,,"62",,,
"258","506.231220377",,,,,,"08:00:27:c5:8a:4d","ff:ff:ff:ff:ff:ff",,,,,"44",,,
"259","508.357722594",,,,,,"08:00:27:c5:8a:4d","ff:ff:ff:ff:ff:ff",,,,,"44",,,
"260","510.357979027",,,,,,"08:00:27:c5:8a:4d","ff:ff:ff:ff:ff:ff",,,,,"44",,,
"261","512.894794586",,,,,,"08:00:27:c5:8a:4d","ff:ff:ff:ff:ff:ff",,,,,"44",,,
"262","514.907413705",,,,,,"08:00:27:c5:8a:4d","ff:ff:ff:ff:ff:ff",,,,,"44",,,
"263","514.909042912",,,,,,"08:00:27:e2:f2:de","00:00:00:00:00:00",,,,,"62",,,
"264","516.929422235",,,,,,"08:00:27:c5:8a:4d","ff:ff:ff:ff:ff:ff",,,,,"44",,,
"265","518.929743335",,,,,,"08:00:27:c5:8a:4d","ff:ff:ff:ff:ff:ff",,,,,"44",,,
"266","521.576845982",,,,,,"08:00:27:cb:7e:f5","ff:ff:ff:ff:ff:ff",,,,,"62",,,
"267","521.577796909",,,,,,"08:00:27:7a:78:e3","00:00:00:00:00:00",,,,,"62",,,
"268","523.626583110",,,,,,"08:00:27:cb:7e:f5","ff:ff:ff:ff:ff:ff",,,,,"62",,,
"269","525.627157694",,,,,,"08:00:27:cb:7e:f5","ff:ff:ff:ff:ff:ff",,,,,"62",,,
"270","527.649984020",,,,,,"08:00:27:cb:7e:f5","ff:ff:ff:ff:ff:ff",,,,,"62",,,
"271","529.650815576",,,,,,"08:00:27:cb:7e:f5","ff:ff:ff:ff:ff:ff",,,,,"62",,,
"272","531.661118129",,,,,,"08:00:27:cb:7e:f5","ff:ff:ff:ff:ff:ff",,,,,"62",,,
"273","531.661862556",,,,,,"08:00:27:7a:78:e3","00:00:00:00:00:00",,,,,"62",,,
"274","533.677614369",,,,,,"08:00:27:cb:7e:f5","ff:ff:ff:ff:ff:ff",,,,,"62",,,
"275","535.698003963",,,,,,"08:00:27:cb:7e:f5","ff:ff:ff:ff:ff:ff",,,,,"62",,,
"276","537.702693270",,,,,,"08:00:27:cb:7e:f5","ff:ff:ff:ff:ff:ff",,,,,"62",,,
"277","539.711830284",,,,,,"08:00:27:cb:7e:f5","ff:ff:ff:ff:ff:ff",,,,,"62",,,
"278","541.724379817",,,,,,"08:00:27:cb:7e:f5","ff:ff:ff:ff:ff:ff",,,,,"62",,,
"279","541.725208143",,,,,,"08:00:27:7a:78:e3","00:00:00:00:00:00",,,,,"62",,,
"280","543.729255622",,,,,,"08:00:27:cb:7e:f5","ff:ff:ff:ff:ff:ff",,,,,"62",,,
"281","545.731684547",,,,,,"08:00:27:cb:7e:f5","ff:ff:ff:ff:ff:ff",,,,,"62",,,
"282","547.752341652",,,,,,"08:00:27:cb:7e:f5","ff:ff:ff:ff:ff:ff",,,,,"62",,,
"283","549.901196035",,,,,,"08:00:27:cb:7e:f5","ff:ff:ff:ff:ff:ff",,,,,"62",,,
"284","556.220216895",,,,,,"08:00:27:c5:8a:4d","ff:ff:ff:ff:ff:ff",,,,,"44",,,
"285","556.221661624",,,,,,"08:00:27:e3:b4:61","00:00:00:00:00:00",,,,,"62",,,
"286","558.236860006",,,,,,"08:00:27:c5:8a:4d","ff:ff:ff:ff:ff:ff",,,,,"44",,,
"287","560.318138547",,,,,,"08:00:27:c5:8a:4d","ff:ff:ff:ff:ff:ff",,,,,"44",,,
"288","563.924684471",,,,,,"08:00:27:c5:8a:4d","ff:ff:ff:ff:ff:ff",,,,,"44",,,
"289","563.925999763",,,,,,"08:00:27:7a:78:e3","00:00:00:00:00:00",,,,,"62",,,
"290","565.966278294",,,,,,"08:00:27:c5:8a:4d","ff:ff:ff:ff:ff:ff",,,,,"44",,,
"291","567.996442453",,,,,,"08:00:27:c5:8a:4d","ff:ff:ff:ff:ff:ff",,,,,"44",,,
"292","570.054548417",,,,,,"08:00:27:c5:8a:4d","ff:ff:ff:ff:ff:ff",,,,,"44",,,
"293","572.084222254",,,,,,"08:00:27:c5:8a:4d","ff:ff:ff:ff:ff:ff",,,,,"44",,,
"294","574.177785227",,,,,,"08:00:27:c5:8a:4d","ff:ff:ff:ff:ff:ff",,,,,"44",,,
"295","574.179498303",,,,,,"08:00:27:7a:78:e3","00:00:00:00:00:00",,,,,"62",,,
"296","576.178073259",,,,,,"08:00:27:c5:8a:4d","ff:ff:ff:ff:ff:ff",,,,,"44",,,
"297","578.213353208",,,,,,"08:00:27:c5:8a:4d","ff:ff:ff:ff:ff:ff",,,,,"44",,,
"298","580.220334853",,,,,,"08:00:27:c5:8a:4d","ff:ff:ff:ff:ff:ff",,,,,"44",,,
"299","582.231090641",,,,,,"08:00:27:c5:8a:4d","ff:ff:ff:ff:ff:ff",,,,,"44",,,
"300","584.345350549",,,,,,"08:00:27:c5:8a:4d","ff:ff:ff:ff:ff:ff",,,,,"44",,,
"301","584.346768183",,,,,,"08:00:27:7a:78:e3","00:00:00:00:00:00",,,,,"62",,,
"302","586.728268703",,,,,,"08:00:27:c5:8a:4d","ff:ff:ff:ff:ff:ff",,,,,"44",,,
"303","588.729603530",,,,,,"08:00:27:c5:8a:4d","ff:ff:ff:ff:ff:ff",,,,,"44",,,
"304","590.733615067",,,,,,"08:00:27:c5:8a:4d","ff:ff:ff:ff:ff:ff",,,,,"44",,,
"305","592.738827808",,,,,,"08:00:27:c5:8a:4d","ff:ff:ff:ff:ff:ff",,,,,"44",,,
"306","594.746486258",,,,,,"08:00:27:c5:8a:4d","ff:ff:ff:ff:ff:ff",,,,,"44",,,
"307","594.747823461",,,,,,"08:00:27:7a:78:e3","00:00:00:00:00:00",,,,,"62",,,
"308","596.777573296",,,,,,"08:00:27:c5:8a:4d","ff:ff:ff:ff:ff:ff",,,,,"44",,,
"309","598.788432283",,,,,,"08:00:27:c5:8a:4d","ff:ff:ff:ff:ff:ff",,,,,"44",,,
"310","600.795573395",,,,,,"08:00:27:c5:8a:4d","ff:ff:ff:ff:ff:ff",,,,,"44",,,
"311","602.797821653",,,,,,"08:00:27:c5:8a:4d","ff:ff:ff:ff:ff:ff",,,,,"44",,,
"312","604.805148961",,,,,,"08:00:27:c5:8a:4d","ff:ff:ff:ff:ff:ff",,,,,"44",,,
"313","604.806430733",,,,,,"08:00:27:7a:78:e3","00:00:00:00:00:00",,,,,"62",,,
"314","606.853218957",,,,,,"08:00:27:c5:8a:4d","ff:ff:ff:ff:ff:ff",,,,,"44",,,
"315","608.855221718",,,,,,"08:00:27:c5:8a:4d","ff:ff:ff:ff:ff:ff",,,,,"44",,,
"316","615.972084490",,,,,,"08:00:27:c5:8a:4d","ff:ff:ff:ff:ff:ff",,,,,"44",,,
"317","615.973411320",,,,,,"08:00:27:cb:7e:f5","00:00:00:00:00:00",,,,,"62",,,
"318","618.007144788",,,,,,"08:00:27:c5:8a:4d","ff:ff:ff:ff:ff:ff",,,,,"44",,,
"319","620.017622713",,,,,,"08:00:27:c5:8a:4d","ff:ff:ff:ff:ff:ff",,,,,"44",,,
"320","622.018312960",,,,,,"08:00:27:c5:8a:4d","ff:ff:ff:ff:ff:ff",,,,,"44",,,
"321","624.025153934",,,,,,"08:00:27:c5:8a:4d","ff:ff:ff:ff:ff:ff",,,,,"44",,,
"322","626.026958979",,,,,,"08:00:27:c5:8a:4d","ff:ff:ff:ff:ff:ff",,,,,"44",,,
"323","626.028419636",,,,,,"08:00:27:cb:7e:f5","00:00:00:00:00:00",,,,,"62",,,
"324","628.050106980",,,,,,"08:00:27:c5:8a:4d","ff:ff:ff:ff:ff:ff",,,,,"44",,,
"325","630.053867211",,,,,,"08:00:27:c5:8a:4d","ff:ff:ff:ff:ff:ff",,,,,"44",,,
"326","632.069864336",,,,,,"08:00:27:c5:8a:4d","ff:ff:ff:ff:ff:ff",,,,,"44",,,
"327","634.093578885",,,,,,"08:00:27:c5:8a:4d","ff:ff:ff:ff:ff:ff",,,,,"44",,,
"328","636.114146000",,,,,,"08:00:27:c5:8a:4d","ff:ff:ff:ff:ff:ff",,,,,"44",,,
"329","636.115670028",,,,,,"08:00:27:cb:7e:f5","00:00:00:00:00:00",,,,,"62",,,
"330","638.118009203",,,,,,"08:00:27:c5:8a:4d","ff:ff:ff:ff:ff:ff",,,,,"44",,,
"331","640.146863828",,,,,,"08:00:27:c5:8a:4d","ff:ff:ff:ff:ff:ff",,,,,"44",,,
"332","642.147713526",,,,,,"08:00:27:c5:8a:4d","ff:ff:ff:ff:ff:ff",,,,,"44",,,
"333","645.741937992",,,,,,"08:00:27:7a:78:e3","ff:ff:ff:ff:ff:ff",,,,,"62",,,
"334","645.742135872",,,,,,"08:00:27:c5:8a:4d","00:00:00:00:00:00",,,,,"44",,,
"335","647.747266013",,,,,,"08:00:27:7a:78:e3","ff:ff:ff:ff:ff:ff",,,,,"62",,,
"336","649.789295986",,,,,,"08:00:27:7a:78:e3","ff:ff:ff:ff:ff:ff",,,,,"62",,,
"337","651.801863128",,,,,,"08:00:27:7a:78:e3","ff:ff:ff:ff:ff:ff",,,,,"62",,,
"338","653.809000255",,,,,,"08:00:27:7a:78:e3","ff:ff:ff:ff:ff:ff",,,,,"62",,,
"339","655.812555012",,,,,,"08:00:27:7a:78:e3","ff:ff:ff:ff:ff:ff",,,,,"62",,,
"340","655.812770714",,,,,,"08:00:27:c5:8a:4d","00:00:00:00:00:00",,,,,"44",,,
"341","657.812747297",,,,,,"08:00:27:7a:78:e3","ff:ff:ff:ff:ff:ff",,,,,"62",,,
"342","659.816591023",,,,,,"08:00:27:7a:78:e3","ff:ff:ff:ff:ff:ff",,,,,"62",,,
"343","662.787796674",,,,,,"08:00:27:7a:78:e3","ff:ff:ff:ff:ff:ff",,,,,"62",,,
"344","665.236812238",,,,,,"08:00:27:7a:78:e3","ff:ff:ff:ff:ff:ff",,,,,"62",,,
"345","667.255172241",,,,,,"08:00:27:7a:78:e3","ff:ff:ff:ff:ff:ff",,,,,"62",,,
"346","667.255286331",,,,,,"08:00:27:c5:8a:4d","00:00:00:00:00:00",,,,,"44",,,
"347","669.331758168",,,,,,"08:00:27:7a:78:e3","ff:ff:ff:ff:ff:ff",,,,,"62",,,
"348","671.336977824",,,,,,"08:00:27:7a:78:e3","ff:ff:ff:ff:ff:ff",,,,,"62",,,
"349","673.339112665",,,,,,"08:00:27:7a:78:e3","ff:ff:ff:ff:ff:ff",,,,,"62",,,
"350","675.356404773",,,,,,"08:00:27:7a:78:e3","ff:ff:ff:ff:ff:ff",,,,,"62",,,
"351","677.357256883",,,,,,"08:00:27:7a:78:e3","ff:ff:ff:ff:ff:ff",,,,,"62",,,
"352","677.357393768",,,,,,"08:00:27:c5:8a:4d","00:00:00:00:00:00",,,,,"44",,,
"353","681.081760472",,,,,,"08:00:27:7a:78:e3","ff:ff:ff:ff:ff:ff",,,,,"62",,,
"354","681.082713885",,,,,,"08:00:27:cb:7e:f5","00:00:00:00:00:00",,,,,"62",,,
"355","683.085743252",,,,,,"08:00:27:7a:78:e3","ff:ff:ff:ff:ff:ff",,,,,"62",,,
"356","685.086597038",,,,,,"08:00:27:7a:78:e3","ff:ff:ff:ff:ff:ff",,,,,"62",,,
"357","687.095828492",,,,,,"08:00:27:7a:78:e3","ff:ff:ff:ff:ff:ff",,,,,"62",,,
"358","689.102446508",,,,,,"08:00:27:7a:78:e3","ff:ff:ff:ff:ff:ff",,,,,"62",,,
"359","691.105517423",,,,,,"08:00:27:7a:78:e3","ff:ff:ff:ff:ff:ff",,,,,"62",,,
"360","691.106036525",,,,,,"08:00:27:cb:7e:f5","00:00:00:00:00:00",,,,,"62",,,
"361","693.108024809",,,,,,"08:00:27:7a:78:e3","ff:ff:ff:ff:ff:ff",,,,,"62",,,
"362","695.111552200",,,,,,"08:00:27:7a:78:e3","ff:ff:ff:ff:ff:ff",,,,,"62",,,
"363","697.129473552",,,,,,"08:00:27:7a:78:e3","ff:ff:ff:ff:ff:ff",,,,,"62",,,
"364","699.131096180",,,,,,"08:00:27:7a:78:e3","ff:ff:ff:ff:ff:ff",,,,,"62",,,
"365","701.142666118",,,,,,"08:00:27:7a:78:e3","ff:ff:ff:ff:ff:ff",,,,,"62",,,
"366","701.144007652",,,,,,"08:00:27:cb:7e:f5","00:00:00:00:00:00",,,,,"62",,,
"367","703.234792255",,,,,,"08:00:27:7a:78:e3","ff:ff:ff:ff:ff:ff",,,,,"62",,,
"368","705.262853964",,,,,,"08:00:27:7a:78:e3","ff:ff:ff:ff:ff:ff",,,,,"62",,,
"369","708.531873389",,,,,,"08:00:27:7a:78:e3","ff:ff:ff:ff:ff:ff",,,,,"62",,,
"370","708.532679087",,,,,,"08:00:27:e2:f2:de","00:00:00:00:00:00",,,,,"62",,,
"371","710.530251515",,,,,,"08:00:27:7a:78:e3","ff:ff:ff:ff:ff:ff",,,,,"62",,,
"372","712.608933896",,,,,,"08:00:27:7a:78:e3","ff:ff:ff:ff:ff:ff",,,,,"62",,,
"373","714.622850702",,,,,,"08:00:27:7a:78:e3","ff:ff:ff:ff:ff:ff",,,,,"62",,,
"374","716.621732923",,,,,,"08:00:27:7a:78:e3","ff:ff:ff:ff:ff:ff",,,,,"62",,,
"375","718.632465044",,,,,,"08:00:27:7a:78:e3","ff:ff:ff:ff:ff:ff",,,,,"62",,,
"376","718.634409968",,,,,,"08:00:27:e2:f2:de","00:00:00:00:00:00",,,,,"62",,,
"377","720.649652467",,,,,,"08:00:27:7a:78:e3","ff:ff:ff:ff:ff:ff",,,,,"62",,,
"378","722.652944354",,,,,,"08:00:27:7a:78:e3","ff:ff:ff:ff:ff:ff",,,,,"62",,,
"379","724.668423531",,,,,,"08:00:27:7a:78:e3","ff:ff:ff:ff:ff:ff",,,,,"62",,,
"380","726.679559211",,,,,,"08:00:27:7a:78:e3","ff:ff:ff:ff:ff:ff",,,,,"62",,,
"381","728.687966621",,,,,,"08:00:27:7a:78:e3","ff:ff:ff:ff:ff:ff",,,,,"62",,,
"382","728.688616655",,,,,,"08:00:27:e2:f2:de","00:00:00:00:00:00",,,,,"62",,,
"383","730.699014209",,,,,,"08:00:27:7a:78:e3","ff:ff:ff:ff:ff:ff",,,,,"62",,,
"384","734.750857305",,,,,,"08:00:27:7a:78:e3","ff:ff:ff:ff:ff:ff",,,,,"62",,,
"385","734.750996035",,,,,,"08:00:27:c5:8a:4d","00:00:00:00:00:00",,,,,"44",,,
"386","736.766745662",,,,,,"08:00:27:7a:78:e3","ff:ff:ff:ff:ff:ff",,,,,"62",,,
"387","738.794829370",,,,,,"08:00:27:7a:78:e3","ff:ff:ff:ff:ff:ff",,,,,"62",,,
"388","740.800823439",,,,,,"08:00:27:7a:78:e3","ff:ff:ff:ff:ff:ff",,,,,"62",,,
"389","742.805600011",,,,,,"08:00:27:7a:78:e3","ff:ff:ff:ff:ff:ff",,,,,"62",,,
"390","744.803592871",,,,,,"08:00:27:7a:78:e3","ff:ff:ff:ff:ff:ff",,,,,"62",,,
"391","744.803714017",,,,,,"08:00:27:c5:8a:4d","00:00:00:00:00:00",,,,,"44",,,
"392","747.551700492",,,,,,"08:00:27:c5:8a:4d","ff:ff:ff:ff:ff:ff",,,,,"44",,,
"393","747.553121366",,,,,,"08:00:27:7a:78:e3","00:00:00:00:00:00",,,,,"62",,,
"394","749.731152597",,,,,,"08:00:27:c5:8a:4d","ff:ff:ff:ff:ff:ff",,,,,"44",,,
"395","752.012395569",,,,,,"08:00:27:c5:8a:4d","ff:ff:ff:ff:ff:ff",,,,,"44",,,
"396","754.023015331",,,,,,"08:00:27:c5:8a:4d","ff:ff:ff:ff:ff:ff",,,,,"44",,,
"397","756.032575815",,,,,,"08:00:27:c5:8a:4d","ff:ff:ff:ff:ff:ff",,,,,"44",,,
"398","758.032782995",,,,,,"08:00:27:c5:8a:4d","ff:ff:ff:ff:ff:ff",,,,,"44",,,
"399","758.034029079",,,,,,"08:00:27:7a:78:e3","00:00:00:00:00:00",,,,,"62",,,
"400","760.194234666",,,,,,"08:00:27:c5:8a:4d","ff:ff:ff:ff:ff:ff",,,,,"44",,,
